5;Москва;2
3;Нижнекамск;1
4;Альметьевск;1
2;Набережные Челны;1
6;Абрамцево;2
7;Алабино;2
9;Архангельское;2
10;Ашитково;2
11;Байконур;2
12;Бакшеево;2
13;Балашиха;2
14;Барыбино;2
15;Белоомут;2
16;Белые Столбы;2
17;Бородино;2
18;Бронницы;2
19;Быково;2
20;Валуево;2
21;Вербилки;2
22;Верея;2
23;Видное;2
24;Внуково;2
25;Вождь Пролетариата;2
26;Волоколамск;2
27;Вороново;2
28;Воскресенск;2
29;Восточный;2
30;Востряково;2
31;Высоковск;2
32;Голицино;2
34;Дедовск;2
35;Джержинский;2
36;Дмитров;2
37;Долгопрудный;2
38;Домодедово;2
39;Дорохово;2
40;Дрезна;2
41;Дубки;2
42;Дубна;2
43;Егорьевск;2
44;Железнодорожный;2
45;Жилево;2
46;Жуковский;2
47;Загорск;2
48;Загорянский;2
49;Запрудная;2
50;Зарайск;2
51;Звенигород;2
52;Зеленоград;2
53;Ивантеевка;2
54;Икша;2
55;Ильинский;2
56;Истра;2
58;Кашира;2
59;Керва;2
60;Климовск;2
61;Клин;2
62;Клязьма;2
63;Кожино;2
64;Кокошкино;2
65;Коломна;2
66;Колюбакино;2
67;Королев;2
68;Косино;2
69;Котельники;2
70;Красково;2
71;Красноармейск;2
72;Красногорск;2
73;Краснозаводск;2
74;Краснознаменск;2
75;Красный Ткач;2
76;Крюково;2
77;Кубинка;2
78;Купавна;2
79;Куровское;2
81;Ликино-Дулево;2
82;Лобня;2
83;Лопатинский;2
84;Лосино-Петровский;2
85;Лотошино;2
86;Лукино;2
87;Луховицы;2
88;Лыткарино;2
89;Львовский;2
90;Люберцы;2
177;Санкт-Петербург;3
7519;Великий Новгород;41
92;Михайловское;2
93;Михнево;2
94;Можайск;2
95;Монино;2
96;Муханово;2
97;Мытищи;2
98;Нарофоминск;2
99;Нахабино;2
100;Некрасовка;2
101;Немчиновка;2
102;Новобратцевский;2
103;Новоподрезково;2
104;Ногинск;2
105;Обухово;2
106;Одинцово;2
107;Ожерелье;2
108;Озеры;2
110;Опалиха;2
111;Орехово-Зуево;2
112;Павловский Посад;2
113;Первомайский;2
114;Пески;2
115;Пироговский;2
116;Подольск;2
117;Полушкино;2
118;Правдинский;2
119;Привокзальный;2
120;Пролетарский;2
121;Протвино;2
122;Пушкино;2
123;Пущино;2
124;Радовицкий;2
125;Раменское;2
126;Реутов;2
127;Решетниково;2
128;Родники;2
129;Рошаль;2
130;Рублево;2
131;Руза;2
132;Салтыковка;2
133;Северный;2
135;Серебряные Пруды;2
136;Серпухов;2
137;Солнечногорск;2
138;Солнцево;2
139;Софрино;2
140;Старая Купавна;2
141;Старбеево;2
142;Ступино;2
143;Сходня;2
144;Талдом;2
145;Текстильщик;2
146;Темпы;2
147;Тишково;2
148;Томилино;2
149;Троицк;2
150;Туголесский Бор;2
151;Тучково;2
152;Уваровка;2
153;Удельная;2
154;Успенское;2
155;Фирсановка;2
156;Фосфоритный;2
157;Фрязино;2
158;Фряново;2
159;Химки;2
160;Хорлово;2
162;Черкизово;2
163;Черноголовка;2
164;Черусти;2
165;Чехов;2
166;Шарапово;2
167;Шатура;2
168;Шатурторф;2
169;Шаховская;2
170;Шереметьевский;2
171;Щелково;2
172;Щербинка;2
173;Электрогорск;2
174;Электросталь;2
175;Электроугли;2
176;Яхрома;2
178;Александровская;3
179;Бокситогорск;3
228;Барнаул;5
232;Бийск;5
233;Благовещенск;5
238;Горно-Алтайск;5
181;Будогощь;3
182;Вознесенье;3
183;Волосово;3
184;Волхов;3
185;Всеволожск;3
186;Выборг;3
187;Вырица;3
188;Высоцк;3
189;Гатчина;3
190;Дружная Горка;3
191;Дубровка;3
192;Ефимовский;3
193;Зеленогорск;3
194;Ивангород;3
195;Каменногорск;3
196;Кикерино;3
197;Кингисепп;3
198;Кириши;3
199;Кировск;3
201;Колпино;3
202;Коммунар;3
203;Кронштадт;3
204;Лисий Нос;3
205;Лодейное Поле;3
206;Ломоносов;3
207;Луга;3
208;Павловск;3
209;Парголово;3
210;Петродворец;3
211;Пикалёво;3
212;Подпорожье;3
213;Приозерск;3
214;Пушкин;3
215;Сестрорецк;3
216;Сланцы;3
217;Сосновый Бор;3
218;Тихвин;3
219;Тосно;3
220;Шлиссельбург;3
221;Адыгейск;4
222;Майкоп;4
223;Акташ;5
224;Акутиха;5
225;Алейск;5
227;Баево;5
229;Белово;5
230;Белокуриха;5
231;Белоярск;5
234;Боровлянка;5
235;Бурла;5
236;Бурсоль;5
237;Волчиха;5
239;Горняк;5
240;Ельцовка;5
241;Залесово;5
242;Заринск;5
243;Заток;5
244;Змеиногорск;5
246;Ключи;5
247;Кош-Агач;5
248;Красногорское;5
249;Краснощеково;5
250;Кулунда;5
251;Кытманово;5
252;Мамонтово;5
253;Новичиха;5
254;Новоалтайск;5
255;Онгудай;5
257;Петропавловское;5
258;Поспелиха;5
259;Ребриха;5
260;Родино;5
261;Рубцовск;5
262;Славгород;5
263;Смоленское;5
264;Солонешное;5
265;Солтон;5
266;Староаллейское;5
267;Табуны;5
268;Тальменка;5
269;Топчиха;5
313;Архангельск;7
343;Астрахань;8
271;Турочак;5
272;Тюменцево;5
273;Угловское;5
275;Усть-Кан;5
276;Усть-Кокса;5
277;Усть-Улаган;5
278;Усть-Чарышская Пристань;5
279;Хабары;5
280;Целинное;5
281;Чарышское;5
282;Шебалино;5
283;Шелаболиха;5
284;Шипуново;5
285;Айгунь;6
286;Архара;6
287;Белогорск;6
288;Благовещенск (Амурская обл.);6
289;Бурея;6
290;Возжаевка;6
291;Екатеринославка;6
292;Ерофей Павлович;6
293;Завитинск;6
294;Зея;6
295;Златоустовск;6
296;Ивановка;6
297;Коболдо;6
298;Магдагачи;6
299;Новобурейский;6
300;Поярково;6
301;Райчихинск;6
302;Ромны;6
304;Серышево;6
305;Сковородино;6
306;Стойба;6
307;Тамбовка;6
308;Тында;6
309;Шимановск;6
310;Экимчан;6
311;Ядрино;6
312;Амдерма;7
314;Березник;7
315;Вельск;7
316;Верхняя Тойма;7
317;Волошка;7
318;Вычегодский;7
319;Емца;7
320;Илеза;7
322;Каргополь;7
323;Карпогоры;7
324;Кодино;7
325;Коноша;7
326;Коряжма;7
327;Котлас;7
328;Красноборск;7
329;Лешуконское;7
330;Мезень;7
331;Мирный;7
332;Нарьян-Мар;7
333;Новодвинск;7
334;Няндома;7
335;Онега;7
336;Пинега;7
337;Плесецк;7
338;Северодвинск;7
339;Сольвычегодск;7
340;Холмогоры;7
341;Шенкурск;7
342;Яренск;7
344;Ахтубинск;8
345;Верхний Баскунчак;8
346;Володарский;8
347;Енотаевка;8
348;Икряное;8
349;Камызяк;8
350;Капустин Яр;8
351;Красный Яр;8
352;Лиман;8
354;Харабали;8
355;Черный Яр;8
356;Аксаково;9
357;Амзя;9
358;Аскино;9
359;Баймак;9
413;Белгород;10
434;Брянск;11
426;Старый Оскол;10
403;Стерлитамак;9
405;Уфа;9
361;Белебей;9
362;Белорецк;9
364;Бирск;9
366;Большеустьикинское;9
367;Бураево;9
368;Верхнеяркеево;9
369;Верхние Киги;9
370;Верхние Татышлы;9
371;Верхний Авзян;9
372;Давлеканово;9
373;Дуван;9
374;Дюртюли;9
375;Ермекеево;9
376;Ермолаево;9
377;Зилаир;9
378;Зирган;9
379;Иглино;9
380;Инзер;9
381;Исянгулово;9
382;Ишимбай;9
383;Кананикольское;9
384;Кандры;9
385;Караидель;9
387;Киргиз-Мияки;9
388;Красноусольский;9
389;Кумертау;9
390;Кушнаренково;9
391;Малояз;9
392;Мелеуз;9
393;Месягутово;9
394;Мраково;9
395;Нефтекамск;9
397;Раевский;9
398;Салават;9
399;Сибай;9
400;Старобалтачево;9
401;Старосубхангулово;9
402;Стерлибашево;9
404;Туймазы;9
406;Учалы;9
407;Федоровка;9
408;Чекмагуш;9
409;Чишмы;9
410;Шаран;9
411;Янаул;9
412;Алексеевка;10
414;Борисовка;10
415;Валуйки;10
417;Волоконовка;10
418;Грайворон;10
419;Губкин;10
420;Ивня;10
421;Короча;10
422;Красногвардейское;10
423;Новый Оскол;10
424;Ракитное;10
425;Ровеньки;10
427;Строитель;10
428;Чернянка;10
429;Шебекино;10
430;Алтухово;11
431;Белая Березка;11
432;Белые Берега;11
433;Большое Полпино;11
435;Бытошь;11
436;Выгоничи;11
437;Вышков;11
438;Гордеевка;11
440;Дятьково;11
441;Жирятино;11
442;Жуковка;11
443;Злынка;11
445;Карачев;11
446;Клетня;11
447;Климово;11
448;Клинцы;11
449;Кокаревка;11
505;Владимир;13
530;Волгоград;14
495;Улан-Удэ;12
451;Красная Гора;11
452;Локоть;11
453;Мглин;11
454;Навля;11
455;Новозыбков;11
456;Погар;11
457;Почеп;11
458;Ржаница;11
459;Рогнедино;11
460;Севск;11
461;Стародуб;11
462;Суземка;11
463;Сураж;11
464;Трубчевск;11
465;Унеча;11
466;Бабушкин;12
467;Багдарин;12
468;Баргузин;12
469;Баянгол;12
470;Бичура;12
471;Выдрино;12
472;Гусиное Озеро;12
474;Заиграево;12
475;Закаменск;12
476;Иволгинск;12
477;Илька;12
478;Кабанск;12
479;Каменск;12
480;Кижинга;12
481;Курумкан;12
482;Кырен;12
483;Кяхта;12
484;Монды;12
485;Мухоршибирь;12
486;Нижнеангарск;12
487;Орлик;12
488;Петропавловка;12
489;Романовка;12
490;Северобайкальск;12
491;Селенгинск;12
492;Сосново-Озерское;12
493;Таксимо;12
494;Турунтаево;12
496;Хоринск;12
497;Александров;13
498;Андреево;13
499;Анопино;13
500;Бавлены;13
501;Балакирево;13
502;Боголюбово;13
504;Вербовский;13
506;Вязники;13
507;Городищи;13
508;Гороховец;13
509;Гусевский;13
510;Гусь Хрустальный;13
511;Золотково;13
512;Иванищи;13
513;Камешково;13
514;Карабаново;13
515;Киржач;13
516;Ковров;13
517;Кольчугино;13
518;Красная Горбатка;13
519;Меленки;13
520;Муром;13
521;Петушки;13
522;Покров;13
523;Собинка;13
524;Судогда;13
525;Суздаль;13
526;Юрьев-Польский;13
527;Алексеевская;14
528;Алущевск;14
531;Волжский;14
532;Городище;14
533;Дубовка;14
534;Елань;14
536;Иловля;14
537;Калач-на-Дону;14
538;Камышин;14
539;Кириллов;14
567;Вологда;15
595;Воронеж;16
541;Котельниково;14
542;Котово;14
543;Кумылженская;14
544;Ленинск;14
545;Михайловка;14
655;Тлярата;17
546;Нехаевский;14
547;Николаевск;14
548;Новоаннинский;14
549;Новониколаевский;14
550;Ольховка;14
551;Палласовка;14
552;Рудня;14
553;Светлый Яр;14
554;Серафимович;14
555;Средняя Ахтуба;14
556;Сталинград;14
557;Старая Полтавка;14
558;Суровикино;14
559;Урюпинск;14
560;Фролово;14
562;Бабаево;15
563;Белозерск;15
564;Великий Устюг;15
565;Верховажье;15
566;Вожега;15
568;Вохтога;15
569;Вытегра;15
570;Грязовец;15
571;Кадников;15
572;Кадуй;15
573;Кичменгский Городок;15
574;Липин Бор;15
575;Никольск;15
576;Нюксеница;15
577;Сокол;15
578;Сямжа;15
579;Тарногский Городок;15
580;Тотьма;15
581;Устюжна;15
582;Харовск;15
583;Чагода;15
584;Череповец;15
585;Шексна;15
586;Шуйское;15
587;Анна;16
589;Богучар;16
590;Борисоглебск;16
591;Бутурлиновка;16
592;Верхний Мамон;16
593;Верхняя Хава;16
594;Воробьевка;16
596;Грибановский;16
597;Давыдовка;16
598;Елань-Коленовский;16
599;Калач;16
600;Кантемировка;16
601;Лиски;16
602;Нижнедевицк;16
603;Новая Усмань;16
604;Новохоперск;16
605;Ольховатка;16
606;Острогожск;16
608;Панино;16
610;Поворино;16
611;Подгоренский;16
612;Рамонь;16
613;Репьевка;16
614;Россошь;16
615;Семилуки;16
616;Таловая;16
617;Терновка;16
618;Хохольский;16
619;Эртиль;16
620;нововоронеж;16
621;Агвали;17
622;Акуша;17
623;Ахты;17
624;Ачису;17
625;Бабаюрт;17
626;Бежта;17
627;Ботлих;17
707;Братск;20
672;Иваново;19
719;Иркутск;20
629;Вачи;17
630;Гергебиль;17
631;Гуниб;17
632;Дагестанские Огни;17
633;Дербент;17
634;Дылым;17
635;Ершовка;17
636;Избербаш;17
637;Карабудахкент;17
638;Карата;17
639;Каспийск;17
640;Касумкент;17
641;Кизилюрт;17
642;Кизляр;17
643;Кочубей;17
644;Кумух;17
645;Курах;17
647;Маджалис;17
648;Махачкала;17
649;Мехельта;17
650;Новолакское;17
651;Рутул;17
652;Советское;17
653;Тарумовка;17
654;Терекли-Мектеб;17
656;Тпиг;17
657;Уркарах;17
658;Хасавюрт;17
659;Хив;17
660;Хунзах;17
661;Цуриб;17
662;Южно-Сухокумск;17
663;Биробиджан;18
664;Архиповка;19
665;Верхний Ландех;19
666;Вичуга;19
667;Гаврилов Посад;19
669;Дуляпино;19
670;Заволжск;19
671;Заречный;19
673;Иваньковский;19
674;Ильинское-Хованское;19
675;Каминский;19
676;Кинешма;19
677;Комсомольск;19
678;Кохма;19
679;Лух;19
680;Палех;19
681;Пестяки;19
682;Приволжск;19
683;Пучеж;19
685;Савино;19
686;Сокольское;19
687;Тейково;19
688;Фурманов;19
689;Шуя;19
690;Южа;19
691;Юрьевец;19
692;Алексеевск;20
693;Алзамай;20
694;Алыгжер;20
695;Ангарск;20
697;Атагай;20
698;Байкал;20
699;Байкальск;20
700;Балаганск;20
701;Баяндай;20
702;Бирюсинск;20
703;Бодайбо;20
704;Большая Речка;20
705;Большой Луг;20
706;Бохан;20
708;Видим;20
709;Витимский;20
710;Вихоревка;20
711;Еланцы;20
712;Ербогачен;20
714;Жигалово;20
715;Забитуй;20
716;Залари;20
717;Звездный;20
718;Зима;20
799;Калуга;24
800;Киров;24
721;Качуг;20
722;Квиток;20
723;Киренск;20
724;Куйтун;20
725;Култук;20
726;Кутулик;20
727;Мама;20
729;Оса;20
730;Саянск;20
731;Слюдянка;20
732;Тайшет;20
733;Тулун;20
734;Усолье-Сибирское;20
735;Усть-Илимск;20
736;Усть-Кут;20
737;Усть-Ордынский;20
738;Усть-Уда;20
739;Черемхово;20
740;Чунский;20
741;Шелехов;20
742;Баксан;21
743;Майский;21
744;Нальчик;21
745;Нарткала;21
746;Прохладный;21
748;Терек;21
749;Тырныауз;21
750;Чегем-Первый;21
751;Багратионовск;22
752;Балтийск;22
753;Гвардейск;22
754;Гурьевск;22
755;Гусев;22
758;Знаменск;22
759;Кёнигсберг;22
761;Кенисберг;22
763;Мамоново;22
764;Неман;22
765;Нестеров;22
766;Озерск;22
767;Полесск;22
768;Правдинск;22
769;Светлогорск;22
770;Светлый;22
771;Славск;22
772;Советск;22
773;Черняховск;22
774;Аршань;23
775;Каспийский;23
776;Комсомольский;23
777;Малые Дербеты;23
778;Приютное;23
781;Утта;23
782;Цаган-Аман;23
783;Элиста;23
784;Юста;23
785;Яшалта;23
787;Бабынино;24
788;Балабаново;24
789;Барятино;24
790;Белоусово;24
791;Бетлица;24
792;Боровск;24
793;Дугна;24
794;Дудоровский;24
795;Думиничи;24
796;Еленский;24
797;Жиздра;24
798;Износки;24
801;Козельск;24
802;Кондрово;24
803;Людиново;24
805;Медынь;24
806;Мещовск;24
807;Мосальск;24
808;Обнинск;24
809;Перемышль;24
810;Спас-Деменск;24
878;Кемерово;27
881;Ленинск-Кузнецкий;27
885;Новокузнецк;27
858;Петрозаводск;26
812;Таруса;24
813;Ульяново;24
814;Ферзиково;24
815;Хвастовичи;24
816;Юхнов;24
817;Атласово;25
818;Аянка;25
819;Большерецк;25
820;Вилючинск;25
821;Елизово;25
823;Каменское;25
824;Кировский;25
826;Крапивная;25
827;Мильково;25
828;Никольское;25
829;Озерновский;25
830;Оссора;25
831;Палана;25
832;Парень;25
833;Пахачи;25
834;Петропавловск-Камчатский;25
835;Тигиль;25
836;Тиличики;25
837;Усть-Большерецк;25
838;Усть-Камчатск;25
839;Амбарный;26
840;Беломорск;26
841;Валаам;26
842;Вирандозеро;26
843;Гирвас;26
844;Деревянка;26
845;Идель;26
848;Калевала;26
849;Кемь;26
850;Кестеньга;26
851;Кондопога;26
852;Костомукша;26
853;Лахденпохья;26
854;Лоухи;26
855;Медвежьегорск;26
856;Муезерский;26
857;Олонец;26
859;Питкяранта;26
860;Повенец;26
861;Пряжа;26
862;Пудож;26
863;Сегежа;26
864;Сортавала;26
865;Софпорог;26
866;Суоярви;26
867;Анжеро-Судженск;27
879;Киселевск;27
880;Крапивинский;27
882;Мариинск;27
883;Междуреченск;27
884;Мыски;27
886;Осинники;27
887;Прокопьевск;27
888;Промышленная;27
889;Тайга;27
890;Таштагол;27
891;Тисуль;27
892;Топки;27
893;Тяжинский;27
894;Юрга;27
895;Яшкино;27
896;Яя;27
897;Арбаж;28
898;Аркуль;28
899;Белая Холуница;28
900;Богородское;28
1648;Донецк;50
979;Кострома;30
963;Сыктывкар;29
903;Вятские Поляны;28
904;Зуевка;28
905;Каринторф;28
906;Кикнур;28
907;Кильмезь;28
909;Кирово-Чепецк;28
910;Кирс;28
911;Кобра;28
912;Котельнич;28
913;Кумены;28
914;Ленинское;28
915;Луза;28
916;Малмыж;28
917;Мураши;28
918;Нагорск;28
919;Нема;28
920;Нововятск;28
921;Нолинск;28
922;Омутнинск;28
923;Опарино;28
924;Оричи;28
925;Пижанка;28
926;Подосиновец;28
927;Санчурск;28
928;Свеча;28
931;Суна;28
932;Тужа;28
933;Уни;28
934;Уржум;28
935;Фаленки;28
936;Халтурин;28
937;Юрья;28
938;Яранск;28
939;Абезь;29
940;Айкино;29
941;Верхняя Инта;29
942;Визинга;29
943;Водный;29
944;Вожаель;29
945;Воркута;29
946;Вуктыл;29
947;Гешарт;29
948;Елецкий;29
949;Емва;29
950;Заполярный;29
951;Ижма;29
952;Инта;29
953;Ираель;29
955;Кажым;29
956;Кожым;29
957;Койгородок;29
958;Корткерос;29
959;Кослан;29
960;Объячево;29
961;Печора;29
962;Сосногорск;29
964;Троицко-Печерск;29
965;Усинск;29
966;Усогорск;29
967;Усть-Кулом;29
968;Усть-Цильма;29
969;Ухта;29
970;Антропово;30
971;Боговарово;30
972;Буй;30
973;Волгореченск;30
974;Галич;30
975;Горчуха;30
976;Зебляки;30
977;Кадый;30
980;Красное-на-Волге;30
981;Макарьев;30
982;Мантурово;30
983;Нерехта;30
984;Нея;30
985;Островское;30
986;Павино;30
987;Парфентьево;30
988;Поназырево;30
989;Солигалич;30
990;Судиславль;30
991;Сусанино;30
992;Чухлома;30
1050;Абакан;32
1021;Краснодар;31
1031;Новороссийск;31
1037;Сочи;31
994;Шемятино;30
995;Абинск;31
996;Абрау-Дюрсо;31
997;Анапа;31
998;Апшеронск;31
999;Армавир;31
1000;Архипо-Осиповка;31
1001;Афипский;31
1002;Ахтырский;31
1003;Ачуево;31
1004;Белореченск;31
1005;Верхнебаканский;31
1006;Выселки;31
1007;Геленджик;31
1008;Гиагинская;31
1010;Джубга;31
1011;Динская;31
1012;Ейск;31
1013;Ильский;31
1014;Кабардинка;31
1015;Калинино;31
1016;Калининская;31
1017;Каменномостский;31
1018;Каневская;31
1019;Кореновск;31
1020;Красноармейская;31
1022;Кропоткин;31
1023;Крыловская;31
1024;Крымск;31
1025;Курганинск;31
1026;Кущевская;31
1027;Лабинск;31
1028;Лениградская;31
1030;Мостовской;31
1032;Отрадная;31
1033;Павловская;31
1035;Северская;31
1036;Славянск-на-Кубани;31
1038;Староминская;31
1039;Старощербиновская;31
1040;Тбилисская;31
1041;Темрюк;31
1042;Тимашевск;31
1043;Тихорецк;31
1044;Туапсе;31
1045;Тульский;31
1046;Усть-Лабинск;31
1047;Шовгеновский;31
1048;Железногорск;32
1049;Абаза;32
1051;Абан;32
1052;Агинское;32
1053;Артемовск;32
1054;Аскиз;32
1055;Ачинск;32
1056;Байкит;32
1057;Балахта;32
1058;Балыкса;32
1059;Белый Яр;32
1060;Бельтырский;32
1061;Бея;32
1062;Бискамжа;32
1063;Боготол;32
1064;Боград;32
1066;Большая Мурта;32
1067;Большой Улуй;32
1069;Ванавара;32
1070;Верхнеимбатск;32
1071;Горячегорск;32
1072;Дзержинское;32
1073;Дивногорск;32
1074;Диксон;32
1075;Дудинка;32
1076;Емельяново;32
1077;Енисейск;32
1078;Ермаковское;32
1079;Заозерный;32
1081;Игарка;32
1094;Красноярск;32
1129;Курган;33
1155;Курск;34
1102;Норильск;32
1083;Иланский;32
1084;Ирбейское;32
1086;Канск;32
1087;Каратузское;32
1088;Караул;32
1089;Кежма;32
1090;Кодинск;32
1091;Козулька;32
1092;Копьево;32
1093;Краснотуранск;32
1095;Курагино;32
1096;Лесосибирск;32
1097;Минусинск;32
1098;Мотыгино;32
1099;Назарово;32
1100;Нижний Ингаш;32
1101;Новоселово;32
1104;Пировское;32
1105;Саяногорск;32
1106;Северо-Енисейский;32
1107;Сосновоборск;32
1108;Тасеево;32
1109;Таштып;32
1110;Тура;32
1111;Туруханск;32
1112;Тюхтет;32
1113;Ужур;32
1114;Усть-Авам;32
1115;Уяр;32
1116;Хатанга;32
1117;Черемушки;32
1118;Черногорск;32
1119;Шалинское;32
1120;Шарыпово;32
1121;Шира;32
1122;Шушенское;32
1123;Варгаши;33
1124;Глядянское;33
1125;Далматово;33
1126;Каргаполье;33
1127;Катайск;33
1128;Кетово;33
1131;Лебяжье;33
1132;Макушино;33
1133;Мишкино;33
1134;Мокроусово;33
1135;Петухово;33
1136;Половинное;33
1137;Сафакулево;33
1139;Шадринск;33
1140;Шатрово;33
1141;Шумиха;33
1142;Щучье;33
1143;Юргамыш;33
1144;Альменево;34
1145;Белая;34
1146;Большое Солдатское;34
1147;Глушково;34
1148;Горшечное;34
1151;Золотухино;34
1152;Касторное;34
1153;Конышевка;34
1154;Коренево;34
1156;Курчатов;34
1157;Кшенский;34
1158;Льгов;34
1160;Медвенка;34
1161;Обоянь;34
1162;Поныри;34
1163;Пристень;34
1164;Прямицыно;34
1165;Рыльск;34
1166;Суджа;34
1167;Тим;34
1168;Фатеж;34
1169;Хомутовка;34
1170;Черемисиново;34
1171;Щигры;34
1182;Липецк;35
1247;Саранск;38
1172;Грязи;35
1173;Данхов;35
1175;Долгоруково;35
1176;Елец;35
1177;Задонск;35
1178;Измалково;35
1179;Казинка;35
1180;Лебедянь;35
1181;Лев Толстой;35
1183;Тербуны;35
1184;Усмань;35
1185;Хлевное;35
1186;Чаплыгин;35
1187;Анадырь;36
1188;Атка;36
1189;Балыгычан;36
1190;Беринговский;36
1191;Билибино;36
1192;Большевик;36
1194;Иульитин;36
1195;Кадыкчан;36
1196;Лаврентия;36
1197;Магадан;36
1198;Мыс Шмидта;36
1199;Ола;36
1200;Омонск;36
1201;Омсукчан;36
1202;Палатка;36
1203;Певек;36
1204;Провидения;36
1205;Сеймчан;36
1206;Синегорье;36
1207;Сусуман;36
1208;Усть-Белая;36
1209;Усть-Омчуг;36
1210;Эвенск;36
1211;Эгвекинот;36
1212;Ягодное;36
1213;Волжск;37
1214;Дубовский;37
1215;Звенигово;37
1217;Килемары;37
1218;Козьмодемьянск;37
1219;Куженер;37
1220;Мари-Турек;37
1221;Медведево;37
1222;Морки;37
1223;Новый Торьял;37
1224;Оршанка;37
1225;Параньга;37
1226;Сернур;37
1227;Советский;37
1228;Юрино;37
1229;Ардатов;38
1230;Атюрьево;38
1231;Атяшево;38
1232;Большие Березники;38
1233;Большое Игнатово;38
1234;Выша;38
1235;Ельники;38
1236;Зубова Поляна;38
1237;Инсар;38
1238;Кадошкино;38
1239;Кемля;38
1240;Ковылкино;38
1242;Кочкурово;38
1243;Краснослободск;38
1244;Лямбирь;38
1245;Ромоданово;38
1246;Рузаевка;38
1248;Старое Шайгово;38
1249;Темников;38
1250;Теньгушево;38
1251;Торбеево;38
1252;Чамзинка;38
1253;Апатиты;39
1254;Африканда;39
1255;Верхнетуломский;39
1256;Заозерск;39
1258;Зареченск;39
1259;Зашеек;39
1260;Зеленоборский;39
1261;Кандалакша;39
1325;Нижний Новгород;40
1264;Ковдор;39
1265;Кола;39
1266;Конда;39
1267;Мончегорск;39
1269;Мурмаши;39
1270;Никель;39
1271;Оленегорск;39
1272;Полярные Зори;39
1273;Полярный;39
1274;Североморск;39
1275;Снежногорск;39
1276;Умба;39
1278;Арзамас;40
1279;Арья;40
1280;Балахна;40
1281;Богородск;40
1282;Большереченск;40
1283;Большое Болдино;40
1284;Большое Козино;40
1285;Большое Мурашкино;40
1286;Большое Пикино;40
1287;Бор;40
1288;Бутурлино;40
1289;Вад;40
1290;Варнавино;40
1292;Вахтан;40
1293;Вача;40
1294;Велетьма;40
1295;Ветлуга;40
1296;Виля;40
1297;Вознесенское;40
1298;Володарск;40
1299;Воротынец;40
1300;Ворсма;40
1301;Воскресенское;40
1302;Выездное;40
1303;Выкса;40
1304;Гагино;40
1305;Гидроторф;40
1306;Горбатов;40
1307;Горбатовка;40
1308;Городец;40
1309;Горький;40
1311;Дзержинск;40
1312;Дивеево;40
1313;Досчатое;40
1314;Заволжье;40
1315;Катунки;40
1316;Керженец;40
1317;Княгинино;40
1318;Ковернино;40
1319;Красные Баки;40
1320;Кстово;40
1321;Кулебаки;40
1322;Лукоянов;40
1323;Лысково;40
1324;Навашино;40
1326;Павлово;40
1327;Первомайск;40
1328;Перевоз;40
1329;Пильна;40
1330;Починки;40
1331;Саров;40
1332;Сергач;40
1333;Сеченово;40
1334;Сосновское;40
1335;Спасское;40
1336;Тонкино;40
1337;Тоншаево;40
1338;Уразовка;40
1339;Урень;40
1340;Чкаловск;40
1341;Шаранга;40
1342;Шатки;40
1343;Шахунья;40
1344;Анциферово;41
1346;Большая Вишера;41
1347;Боровичи;41
1348;Валдай;41
1349;Волот;41
1350;Деманск;41
1351;Зарубино;41
1352;Кресцы;41
1388;Новосибирск;42
1418;Омск;43
1354;Малая Вишера;41
1355;Марево;41
1356;Мошенское;41
1357;Новгород;41
1358;Окуловка;41
1359;Парфино;41
1360;Пестово;41
1361;Поддорье;41
1362;Сольцы;41
1363;Старая Русса;41
1364;Хвойное;41
1365;Холм;41
1366;Чудово;41
1367;Шимск;41
1369;Барабинск;42
1370;Бердск;42
1371;Биаза;42
1372;Болотное;42
1373;Венгерово;42
1374;Довольное;42
1375;Завьялово;42
1376;Искитим;42
1377;Карасук;42
1378;Каргат;42
1379;Колывань;42
1380;Краснозерское;42
1381;Крутиха;42
1382;Куйбышев;42
1383;Купино;42
1384;Кыштовка;42
1385;Маслянино;42
1387;Мошково;42
1389;Ордынское;42
1390;Северное;42
1391;Сузун;42
1392;Татарск;42
1393;Тогучин;42
1394;Убинское;42
1395;Усть-Тарка;42
1396;Чаны;42
1397;Черепаново;42
1398;Чистоозерное;42
1399;Чулым;42
1400;Береговой;43
1401;Большеречье;43
1402;Большие Уки;43
1403;Горьковское;43
1404;Знаменское;43
1405;Исилькуль;43
1406;Калачинск;43
1407;Колосовка;43
1408;Кормиловка;43
1409;Крутинка;43
1410;Любинский;43
1411;Марьяновка;43
1413;Называевск;43
1414;Нижняя Омка;43
1415;Нововаршавка;43
1416;Одесское;43
1417;Оконешниково;43
1419;Павлоградка;43
1420;Полтавка;43
1421;Русская Поляна;43
1422;Саргатское;43
1423;Седельниково;43
1424;Таврическое;43
1425;Тара;43
1426;Тевриз;43
1427;Тюкалинск;43
1428;Усть-Ишим;43
1429;Черлак;43
1430;Шербакуль;43
1431;Абдулино;44
1432;Адамовка;44
1434;Акбулак;44
1435;Аккермановка;44
1436;Асекеево;44
1437;Беляевка;44
1438;Бугуруслан;44
1439;Бузулук;44
1440;Гай;44
1441;Грачевка;44
1442;Домбаровский;44
1454;Оренбург;44
1517;Пенза;46
1486;Орел;45
1444;Илек;44
1445;Ириклинский;44
1446;Кувандык;44
1447;Курманаевка;44
1448;Матвеевка;44
1449;Медногорск;44
1450;Новоорск;44
1452;Новотроицк;44
1453;Октябрьское;44
1455;Орск;44
1457;Переволоцкий;44
1458;Пономаревка;44
1459;Саракташ;44
1462;Соль-Илецк;44
1463;Сорочинск;44
1464;Ташла;44
1465;Тоцкое;44
1466;Тюльган;44
1467;Шарлык;44
1468;Энергетик;44
1469;Ясный;44
1470;Болхов;45
1471;Верховье;45
1472;Глазуновка;45
1474;Долгое;45
1475;Залегощь;45
1476;Змиевка;45
1478;Колпны;45
1479;Красная Заря;45
1480;Кромы;45
1481;Ливны;45
1482;Малоархангельск;45
1483;Мценск;45
1484;Нарышкино;45
1485;Новосиль;45
1487;Покровское;45
1488;Сосково;45
1489;Тросна;45
1490;Хомутово;45
1491;Хотынец;45
1492;Шаблыкино;45
1493;Башмаково;46
1494;Беднодемьяновск;46
1495;Беково;46
1496;Белинский;46
1497;Бессоновка;46
1498;Вадинск;46
1499;Верхозим;46
1501;Евлашево;46
1502;Земетчино;46
1503;Золотаревка;46
1504;Исса;46
1505;Каменка;46
1507;Кондоль;46
1508;Кузнецк;46
1509;Лопатино;46
1510;Малая Сердоба;46
1511;Мокшан;46
1512;Наровчат;46
1513;Неверкино;46
1514;Нижний Ломов;46
1516;Пачелма;46
1518;Русский Камешкир;46
1519;Сердобск;46
1521;Сура;46
1522;Тамала;46
1523;Шемышейка;46
1524;Барда;47
1525;Березники;47
1526;Большая Соснова;47
1527;Верещагино;47
1528;Гайны;47
1529;Горнозаводск;47
1530;Гремячинск;47
1531;Губаха;47
1532;Добрянка;47
1574;Владивосток;48
1589;Находка;48
1554;Пермь;47
1600;Уссурийск;48
1534;Зюкайка;47
1536;Карагай;47
1649;Донской;50
1537;Керчевский;47
1538;Кизел;47
1539;Коса;47
1540;Кочево;47
1541;Красновишерск;47
1542;Краснокамск;47
1543;Кудымкар;47
1544;Куеда;47
1545;Кунгур;47
1546;Лысьва;47
1547;Ныроб;47
1548;Нытва;47
1550;Орда;47
1552;Оханск;47
1553;Очер;47
1555;Соликамск;47
1556;Суксун;47
1557;Уинское;47
1559;Усть-Кишерть;47
1560;Чайковский;47
1561;Частые;47
1562;Чердынь;47
1563;Чернореченский;47
1564;Чернушка;47
1565;Чусовой;47
1566;Юрла;47
1567;Юсьва;47
1568;Анучино;48
1569;Арсеньев;48
1570;Артем;48
1572;Большой Камень;48
1573;Валентин;48
1575;Высокогорск;48
1576;Горные Ключи;48
1577;Горный;48
1578;Дальнегорск;48
1581;Кавалерово;48
1583;Камень-Рыболов;48
1585;Лазо;48
1586;Лесозаводск;48
1587;Лучегорск;48
1590;Новопокровка;48
1591;Ольга;48
1592;Партизанск;48
1593;Пограничный;48
1594;Покровка;48
1595;Русский;48
1596;Самарга;48
1597;Славянка;48
1598;Спасск-Дальний;48
1599;Терней;48
1601;Фокино;48
1602;Хасан;48
1603;Хороль;48
1604;Черниговка;48
1605;Чугуевка;48
1607;Бежаницы;49
1608;Великие Луки;49
1609;Гдов;49
1610;Дедовичи;49
1611;Дно;49
1612;Заплюсье;49
1613;Идрица;49
1614;Красногородское;49
1615;Кунья;49
1616;Локня;49
1617;Невель;49
1618;Новоржев;49
1619;Новосокольники;49
1620;Опочка;49
1621;Остров;49
1622;Палкино;49
1623;Печоры;49
1626;Псков;49
1681;Ростов-на-Дону;50
1711;Рязань;51
1625;Порхов;49
1627;Пустошка;49
1628;Пушкинские Горы;49
1629;Пыталово;49
1630;Себеж;49
1632;Усвяты;49
1633;Азов;50
1634;Аксай;50
1635;Алмазный;50
1636;Аютинск;50
1637;Багаевский;50
1638;Батайск;50
1639;Белая Калитва;50
1640;Боковская;50
1641;Большая Мартыновка;50
1642;Вешенская;50
1643;Волгодонск;50
1644;Восход;50
1645;Гигант;50
1646;Горняцкий;50
1647;Гуково;50
1650;Дубовское;50
1651;Егорлыкская;50
1652;Жирнов;50
1653;Заветное;50
1654;Заводской;50
1655;Зверево;50
1656;Зерноград;50
1657;Зимовники;50
1659;Казанская;50
1660;Каменоломни;50
1661;Каменск-Шахтинский;50
1662;Кашары;50
1663;Коксовый;50
1664;Константиновск;50
1665;Красный Сулин;50
1666;Куйбышево;50
1667;Матвеев Курган;50
1668;Мигулинская;50
1669;Миллерово;50
1670;Милютинская;50
1671;Морозовск;50
1672;Новочеркасск;50
1673;Новошахтинск;50
1674;Обливская;50
1675;Орловский;50
1676;Песчанокопское;50
1678;Пролетарск;50
1679;Ремонтное;50
1682;Сальск;50
1683;Семикаракорск;50
1684;Таганрог;50
1685;Тарасовский;50
1686;Тацинский;50
1687;Усть-Донецкий;50
1688;Целина;50
1689;Цимлянск;50
1690;Чалтырь;50
1691;Чертково;50
1692;Шахты;50
1693;Шолоховский;50
1694;Александро-Невский;51
1696;Гусь Железный;51
1697;Елатьма;51
1698;Ермишь;51
1700;Захарово;51
1701;Кадом;51
1702;Касимов;51
1703;Кораблино;51
1704;Милославское;51
1705;Михайлов;51
1706;Пителино;51
1707;Пронск;51
1708;Путятино;51
1709;Рыбное;51
1710;Ряжск;51
1712;Сапожок;51
1713;Сараи;51
1714;Сасово;51
1749;Самара;52
1793;Саратов;53
1752;Тольятти;52
1716;Спас-Клепики;51
1717;Спасск-Рязанский;51
1718;Старожилово;51
1719;Ухолово;51
1720;Чучково;51
1721;Шацк;51
1722;Шилово;51
1724;Безенчук;52
1725;Богатое;52
1726;Богатырь;52
1727;Большая Глущица;52
1729;Борское;52
1731;Жигулевск;52
1732;Зольное;52
1733;Исаклы;52
1734;Камышла;52
1735;Кинель;52
1736;Кинель-Черкасы;52
1737;Клявлино;52
1738;Кошки;52
1739;Красноармейское;52
1742;Нефтегорск;52
1743;Новокуйбышевск;52
1744;Октябрьск;52
1745;Отрадный;52
1746;Пестравка;52
1747;Похвистнево;52
1748;Приволжье;52
1750;Сургут (Самарская обл.);52
1751;Сызрань;52
1753;Хворостянка;52
1754;Чапаевск;52
1756;Шентала;52
1757;Шигоны;52
1758;Александров Гай;53
1759;Аркадак;53
1760;Аткарск;53
1761;Базарный Карабулак;53
1762;Балаково;53
1763;Балашов;53
1764;Балтай;53
1765;Возрождение;53
1766;Вольск;53
1769;Дергачи;53
1770;Духовницкое;53
1771;Екатериновка;53
1772;Ершов;53
1775;Калининск;53
1776;Каменский;53
1778;Красный Кут;53
1779;Лысые Горы;53
1780;Маркс;53
1781;Мокроус;53
1783;Новые Бурасы;53
1784;Озинки;53
1785;Перелюб;53
1786;Петровск;53
1787;Питерка;53
1788;Пугачев;53
1789;Ровное;53
1791;Ртищево;53
1792;Самойловка;53
1794;Степное;53
1795;Татищево;53
1796;Турки;53
1797;Хвалынск;53
1798;Энгельс;53
1799;Абый;54
1800;Алдан;54
1801;Амга;54
1802;Батагай;54
1803;Бердигестях;54
1804;Беркакит;54
1892;Екатеринбург;56
1866;Южно-Сахалинск;55
1838;Якутск;54
1806;Борогонцы;54
1807;Верхневилюйск;54
1808;Верхнеколымск;54
1809;Верхоянск;54
1810;Вилюйск;54
1811;Витим;54
1812;Власово;54
1813;Жиганск;54
1814;Зырянка;54
1816;Канкунский;54
1817;Ленск;54
1818;Майя;54
1819;Менкеря;54
1821;Нерюнгри;54
1822;Нычалах;54
1823;Нюрба;54
1824;Олекминск;54
1825;Покровск;54
1826;Сангар;54
1827;Саскылах;54
1828;Среднеколымск;54
1829;Сунтар;54
1830;Тикси;54
1831;Усть-Мая;54
1832;Усть-Нера;54
1833;Хандыга;54
1834;Хонуу;54
1835;Черский;54
1836;Чокурдах;54
1837;Чурапча;54
1840;Анбэцу;55
1841;Анива;55
1842;Бошняково;55
1843;Быков;55
1844;Вахрушев;55
1845;Взморье;55
1846;Гастелло;55
1848;Долинск;55
1850;Катангли;55
1851;Корсаков;55
1852;Курильск;55
1853;Макаров;55
1854;Невельск;55
1855;Ноглики;55
1856;Оха;55
1857;Поронайск;55
1858;Северо-Курильск;55
1859;Смирных;55
1860;Томари;55
1861;Тымовское;55
1862;Углегорск;55
1863;Холмск;55
1864;Шахтерск;55
1865;Южно-Курильск;55
1867;Алапаевск;56
1868;Алтынай;56
1869;Арамиль;56
1871;Арти;56
1872;Асбест;56
1873;Ачит;56
1874;Байкалово;56
1875;Басьяновский;56
1876;Белоярский;56
1878;Богданович;56
1879;Буланаш;56
1880;Верхний Тагил;56
1881;Верхняя Пышма;56
1882;Верхняя Салда;56
1883;Верхняя Синячиха;56
1884;Верхняя Сысерть;56
1885;Верхняя Тура;56
1886;Верхотурье;56
1887;Висим;56
1888;Волчанск;56
1889;Воронцовка;56
1890;Гари;56
1891;Дегтярск;56
1893;Ертарский;56
1894;Заводоуспенское;56
1915;Нижний Тагил;56
1971;Смоленск;58
1896;Зюзельский;56
1897;Ивдель;56
1898;Изумруд;56
1899;Ирбит;56
1900;Ис;56
1902;Камышлов;56
1903;Карпинск;56
1904;Карпунинский;56
1905;Качканар;56
1906;Кировград;56
1907;Краснотурьинск;56
1908;Красноуральск;56
1909;Красноуфимск;56
1910;Кушва;56
1911;Лесной;56
1912;Михайловск;56
1913;Невьянск;56
1914;Нижние Серги;56
1916;Нижняя Салда;56
1917;Нижняя Тура;56
1918;Новая Ляля;56
1919;Новоуральск;56
1920;Оус;56
1921;Первоуральск;56
1922;Полевской;56
1923;Пышма;56
1924;Ревда;56
1925;Реж;56
1926;Свердловск;56
1927;Североуральск;56
1928;Серов;56
1929;Сосьва;56
1930;Среднеуральск;56
1931;Сухой Лог;56
1932;Сысерть;56
1933;Таборы;56
1934;Тавда;56
1935;Талица;56
1937;Туринск;56
1938;Туринская Слобода;56
1939;Алагир;57
1940;Ардон;57
1941;Беслан;57
1942;Бурон;57
1943;Владикавказ;57
1944;Дигора;57
1945;Моздок;57
1946;Орджоникидзе;57
1947;Чикола;57
1948;Велиж;58
1949;Верхнеднепровский;58
1950;Ворга;58
1951;Вязьма;58
1952;Гагарин;58
1953;Глинка;58
1954;Голынки;58
1955;Демидов;58
1957;Дорогобуж;58
1958;Духовщина;58
1959;Екимовичи;58
1960;Ельня;58
1961;Ершичи;58
1962;Издешково;58
1963;Кардымово;58
1964;Красный;58
1965;Монастырщина;58
1966;Новодугино;58
1967;Починок;58
1968;Рославль;58
1970;Сафоново;58
1972;Сычевка;58
1973;Угра;58
1974;Хиславичи;58
1975;Холм-Жирковский;58
1976;Шумячи;58
1977;Ярцево;58
1979;Арзгир;59
1980;Благодарный;59
1981;Буденновск;59
1982;Георгиевск;59
1983;Дивное;59
1984;Домбай;59
1985;Донское;59
2009;Ставрополь;59
2032;Тамбов;60
2006;Пятигорск;59
1987;Железноводск;59
1988;Зеленокумск;59
1989;Изобильный;59
1990;Иноземцево;59
1991;Ипатово;59
1992;Карачаевск;59
1993;Кисловодск;59
1994;Кочубеевское;59
1996;Курсавка;59
1997;Левокумское;59
1998;Минеральные Воды;59
1999;Невинномысск;59
2000;Нефтекумск;59
2001;Новоалександровск;59
2002;Новоалександровская;59
2003;Новопавловск;59
2004;Новоселицкое;59
2005;Преградная;59
2007;Светлоград;59
2008;Солнечнодольск;59
2011;Теберда;59
2012;Усть-Джегута;59
2013;Хабез;59
2014;Черкесск;59
2015;Бондари;60
2016;Гавриловка Вторая;60
2017;Жердевка;60
2018;Знаменка;60
2019;Инжавино;60
2020;Кирсанов;60
2021;Котовск;60
2022;Мичуринск;60
2023;Мордово;60
2024;Моршанск;60
2025;Мучкапский;60
2027;Петровское;60
2028;Пичаево;60
2029;Рассказово;60
2030;Ржакса;60
2033;Токаревка;60
2034;Уварово;60
2035;Умет;60
2036;Агрыз;61
2037;Азнакаево;61
2038;Аксубаево;61
2039;Актюбинский;61
2040;Алексеевское;61
2043;Апастово;61
2044;Арск;61
2045;Бавлы;61
2046;Базарные Матаки;61
2047;Балтаси;61
2048;Богатые Сабы;61
2049;Брежнев;61
2050;Бугульма;61
2051;Буинск;61
2052;Васильево;61
2054;Высокая Гора;61
2055;Дербешкинский;61
2056;Елабуга;61
2057;Заинск;61
2058;Зеленодольск;61
2060;Камское Устье;61
2061;Карабаш;61
2063;Кукмод;61
2064;Кукмор;61
2065;Лаишево;61
2066;Лениногорск;61
2067;Мамадыш;61
2068;Менделеевск;61
2069;Мензелинск;61
2070;Муслюмово;61
2073;Новошешминск;61
2143;Томск;63
2075;Пестрецы;61
2076;Рыбная Слобода;61
2077;Сарманово;61
2078;Старое Дрожжаное;61
2079;Тетюши;61
2080;Чистополь;61
2081;Андреаполь;62
2082;Бежецк;62
2083;Белый;62
2084;Белый Городок;62
2085;Березайка;62
2086;Бологое;62
2088;Выползово;62
2089;Вышний Волочек;62
2090;Жарковский;62
2091;Западная Двина;62
2092;Заречье;62
2093;Зубцов;62
2094;Изоплит;62
2095;Калашниково;62
2096;Калинин;62
2097;Калязин;62
2098;Кашин;62
2099;Кесова Гора;62
2100;Кимры;62
2101;Конаково;62
2102;Красный Холм;62
2103;Кувшиново;62
2104;Лесное;62
2105;Лихославль;62
2106;Максатиха;62
2107;Молоково;62
2108;Нелидово;62
2109;Оленино;62
2110;Осташков;62
2111;Пено;62
2112;Рамешки;62
2113;Ржев;62
2114;Сандово;62
2115;Селижарово;62
2116;Сонково;62
2117;Спирово;62
2118;Старица;62
2120;Торжок;62
2121;Торопец;62
2122;Удомля;62
2123;Фирово;62
2125;Асино;63
2126;Бакчар;63
2127;Батурино;63
2129;Зырянское;63
2130;Итатка;63
2131;Каргасок;63
2132;Катайга;63
2133;Кожевниково;63
2134;Колпашево;63
2135;Кривошеино;63
2136;Мельниково;63
2137;Молчаново;63
2138;Парабель;63
2140;Подгорное;63
2141;Северск;63
2142;Стрежевой;63
2144;Тымск;63
2145;Ак-Довурак;64
2146;Бай Хаак;64
2147;Кызыл;64
2148;Самагалтай;64
2149;Сарыг-Сеп;64
2150;Суть-Холь;64
2151;Тоора-Хем;64
2152;Туран;64
2153;Тээли;64
2154;Хову-Аксы;64
2155;Чадан;64
2156;Шагонар;64
2157;Эрзин;64
2158;Агеево;65
2159;Алексин;65
2160;Арсеньево;65
2161;Барсуки;65
2162;Бегичевский;65
2163;Белев;65
2164;Богородицк;65
2252;Ижевск;67
2218;Нижневартовск;66
2221;Ноябрьск;66
2229;Сургут;66
2232;Тобольск;66
2184;Тула;65
2233;Тюмень;66
2166;Велегож;65
2167;Венев;65
2168;Волово;65
2169;Горелки;65
2172;Епифань;65
2173;Ефремов;65
2174;Заокский;65
2175;Казановка;65
2176;Кимовск;65
2177;Киреевск;65
2178;Куркино;65
2179;Ленинский;65
2181;Одоев;65
2182;Плавск;65
2183;Суворов;65
2185;Узловая;65
2186;Щекино;65
2187;Ясногорск;65
2188;Абатский;66
2189;Аксарка;66
2190;Армизонское;66
2191;Аромашево;66
2193;Бердюжье;66
2194;Большое Сорокино;66
2195;Вагай;66
2196;Викулово;66
2197;Винзили;66
2198;Голышманово;66
2199;Губкинский;66
2200;Заводопетровский;66
2201;Заводоуковск;66
2202;Излучинск;66
2203;Исетское;66
2204;Ишим;66
2205;Казанское;66
2206;Казым-Мыс;66
2207;Когалым;66
2209;Красноселькуп;66
2210;Лабытнанги;66
2211;Ларьяк;66
2212;Мегион;66
2213;Мужи;66
2214;Муравленко;66
2215;Надым;66
2217;Нефтеюганск;66
2219;Нижняя Тавда;66
2220;Новый Уренгой;66
2222;Нягань;66
2224;Омутинский;66
2225;Радужный;66
2226;Салехард;66
2227;Сладково;66
2230;Тазовский;66
2231;Тарко-Сале;66
2234;Уват;66
2236;Упорово;66
2237;Урай;66
2238;Ханты-Мансийск;66
2239;Юрибей;66
2240;Ялуторовск;66
2241;Яр-Сале;66
2242;Ярково;66
2243;Алнаши;67
2244;Балезино;67
2245;Вавож;67
2246;Воткинск;67
2247;Глазов;67
2248;Грахово;67
2249;Дебесы;67
2251;Игра;67
2253;Кама;67
2255;Каракулино;67
2327;Комсомольск-на-Амуре;70
2293;Ульяновск;68
2339;Хабаровск;70
2256;Кез;67
2258;Киясово;67
2260;Можга;67
2261;Сарапул;67
2262;Селты;67
2263;Сюмси;67
2264;Ува;67
2265;Устинов;67
2266;Шаркан;67
2267;Юкаменское;67
2268;Якшур-Бодья;67
2269;Яр;67
2270;Базарный Сызган;68
2271;Барыш;68
2273;Вешкайма;68
2274;Глотовка;68
2275;Димитровград;68
2276;Игнатовка;68
2277;Измайлово;68
2278;Инза;68
2279;Ишеевка;68
2280;Канадей;68
2281;Карсун;68
2282;Кузоватово;68
2283;Майна;68
2284;Новая Малыкла;68
2285;Новоспасское;68
2286;Павловка;68
2287;Радищево;68
2288;Сенгилей;68
2289;Старая Кулатка;68
2290;Старая Майна;68
2291;Сурское;68
2292;Тереньга;68
2294;Чердаклы;68
2296;Дарьинское;69
2297;Деркул;69
2298;Джамбейты;69
2299;Джаныбек;69
2300;Казталовка;69
2301;Калмыково;69
2302;Каратобе;69
2303;Переметное;69
2304;Сайхин;69
2305;Уральск;69
2307;Фурманово;69
2308;Чапаев;69
2309;Амурск;70
2310;Аян;70
2311;Березовый;70
2312;Бикин;70
2313;Бира;70
2314;Биракан;70
2316;Болонь;70
2317;Ванино;70
2318;Волочаевка Вторая;70
2319;Высокогорный;70
2320;Вяземский;70
2322;Гурское;70
2323;Дормидонтовка;70
2324;Заветы Ильича;70
2325;Известковый;70
2329;Нелькан;70
2330;Николаевск-на-Амуре;70
2331;Облучье;70
2332;Охотск;70
2333;Переяславка;70
2334;Смидович;70
2335;Советская Гавань;70
2336;Софийск;70
2338;Тугур;70
2340;Чегдомын;70
2341;Чумикан;70
2344;Аган;72
2345;Игрим;72
2380;Магнитогорск;73
2381;Миасс;73
2395;Челябинск;73
2347;Лангепас;72
2348;Лянтор;72
2353;Покачи;72
2354;Приобье;72
2355;Пыть-Ях;72
2360;Югорск;72
2361;Агаповка;73
2362;Аргаяш;73
2363;Аша;73
2364;Бакал;73
2365;Бреды;73
2366;Варна;73
2367;Верхнеуральск;73
2368;Верхний Уфалей;73
2369;Еманжелинск;73
2370;Златоуст;73
2372;Карталы;73
2373;Касли;73
2374;Катав-Ивановск;73
2375;Копейск;73
2376;Коркино;73
2377;Кунашак;73
2378;Куса;73
2379;Кыштым;73
2384;Пласт;73
2385;Сатка;73
2386;Сим;73
2388;Трехгорный;73
2390;Увельский;73
2391;Уйское;73
2392;Усть-Катав;73
2393;Фершампенуаз;73
2394;Чебаркуль;73
2396;Чесма;73
2397;Южно-Уральск;73
2398;Юрюзань;73
2399;Аргун;74
2400;Грозный;74
2401;Гудермез;74
2402;Малгобек;74
2403;Назрань;74
2404;Наурская;74
2405;Ножай-Юрт;74
2408;Урус-Мартан;74
2409;Шали;74
2411;Аксеново-Зиловское;75
2412;Акша;75
2413;Александровский Завод;75
2414;Амазар;75
2415;Арбагар;75
2416;Атамановка;75
2417;Балей;75
2418;Борзя;75
2419;Букачача;75
2420;Газимурский Завод;75
2421;Давенда;75
2422;Дарасун;75
2423;Дровяная;75
2424;Дульдурга;75
2425;Жиндо;75
2426;Забайкальск;75
2427;Итака;75
2428;Калга;75
2429;Карымское;75
2430;Кличка;75
2431;Ключевский;75
2432;Кокуй;75
2433;Краснокаменск;75
2434;Красный Чикой;75
2435;Кыра;75
2436;Моготуй;75
2472;Чебоксары;76
2451;Чита;75
2509;Ярославль;79
2438;Нерчинск;75
2439;Нерчинский Завод;75
2440;Нижний Часучей;75
2441;Оловянная;75
2443;Петровск-Забайкальский;75
2444;Приаргунск;75
2445;Сретенск;75
2446;Тупик;75
2447;Улеты;75
2448;Хилок;75
2449;Чара;75
2450;Чернышевск;75
2452;Шелопугино;75
2453;Шилка;75
2454;Алатырь;76
2455;Аликово;76
2458;Вурнары;76
2459;Ибреси;76
2460;Канаш;76
2461;Киря;76
2462;Комсомольское;76
2464;Красные Четаи;76
2465;Кугеси;76
2466;Мариинский Посад;76
2467;Моргауши;76
2468;Новочебоксарск;76
2469;Порецкое;76
2470;Урмары;76
2471;Цивильск;76
2473;Шемурша;76
2474;Шумерля;76
2475;Ядрин;76
2476;Яльчики;76
2477;Янтиково;76
2486;Пуровск;78
2488;Тарко;78
2489;Андропов;79
2490;Берендеево;79
2491;Большое Село;79
2492;Борисоглебский;79
2493;Брейтово;79
2494;Бурмакино;79
2495;Варегово;79
2496;Волга;79
2497;Гаврилов Ям;79
2498;Данилов;79
2499;Любим;79
2500;Мышкино;79
2501;Некрасовское;79
2502;Новый Некоуз;79
2504;Пошехонье-Володарск;79
2505;Ростов;79
2506;Рыбинск;79
2507;Тутаев;79
2508;Углич;79
57;Калининград;2
1;Казань;1
8;Апрелевка;2
33;Деденево;2
80;Лесной Городок;2
91;Малаховка;2
109;Октябрьский;2
134;Сергиев Посад;2
161;Хотьково;2
180;Большая Ижора;3
200;Кобринское;3
226;Алтайский;5
245;Камень-на-Оби;5
270;Троицкое;5
274;Усть-Калманка;5
303;Свободный;6
321;Ильинско-Подомское;7
353;Началово;8
360;Бакалы;9
363;Бижбуляк;9
386;Караидельский;9
416;Вейделевка;10
444;Ивот;11
450;Комаричи;11
473;Гусиноозерск;12
503;Великодворский;13
535;Жирновск;14
540;Клетский;14
561;Чернышковский;14
588;Бобров;16
628;Буйнакск;17
646;Магарамкент;17
668;Долматовский;19
696;Артемовский;20
713;Железногорск-Илимский;20
720;Казачинское;20
728;Нижнеудинск;20
757;Зеленоградск;22
786;Яшкуль;23
804;Малоярославец;24
811;Сухиничи;24
822;Ильпырский;25
847;Импалахти;26
868;Барзас;27
871;Березовский;27
872;Грамотеино;27
874;Ижморский;27
875;Итатский;27
876;Калтан;27
877;Кедровка;27
901;Боровой;28
902;Верхошижемье;28
929;Слободской;28
954;Каджером;29
978;Кологрив;30
993;Шарья;30
1009;Горячий Ключ;31
1034;Приморско-Ахтарск;31
1065;Богучаны;32
1082;Идринское;32
1103;Партизанское;32
1130;Куртамыш;33
1149;Дмитриев-Льговский;34
1174;Доброе;35
1193;Ванкарем;36
1216;Йошкар-Ола;37
1262;Кильдинстрой;39
1268;Мурманск;39
1291;Васильсурск;40
1310;Дальнее Константиново;40
1345;Батецкий;41
1353;Любытино;41
1368;Баган;42
1386;Михайловский;42
1412;Муромцево;43
1433;Айдырлинский;44
1443;Дубенский;44
1451;Новосергиевка;44
1473;Дмитровск-Орловский;45
1506;Колышлей;46
1533;Елово;47
2119;Тверь;62
1558;Усолье;47
1579;Дальнереченск;48
1606;Яковлевка;48
1624;Плюсса;49
1631;Струги-Красные;49
1658;Кагальницкая;50
1680;Родионово-Несветайская;50
1715;Скопин;51
1728;Большая Черниговка;52
1755;Челно-Вершины;52
1782;Новоузенск;53
1805;Бестях;54
1815;Кангалассы;54
1839;Александровск-Сахалинский;55
1895;Зыряновский;56
1901;Каменск-Уральский;56
1936;Тугулым;56
1956;Десногорск;58
1978;Александровское;59
1986;Ессентуки;59
2031;Староюрьево;60
2053;Верхний Услон;61
2074;Нурлат;61
2087;Васильевский Мох;62
2139;Первомайское;63
2165;Болохово;65
2180;Новомосковск;65
2208;Кондинское;66
2235;Унъюган;66
2254;Камбарка;67
2257;Кизнер;67
2272;Большое Нагаткино;68
2326;Иннокентьевка;70
2387;Снежинск;73
2406;Орджоникидзевская;74
2437;Могоча;75
2456;Батырева;76
2503;Переславль-Залесский;79
